tipo,total,mes,dia_del_mes
casos_nuevos_con_sintomas,1,mar,2
casos_nuevos_con_sintomas,0,mar,3
casos_nuevos_con_sintomas,2,mar,4
casos_nuevos_con_sintomas,1,mar,5
casos_nuevos_con_sintomas,1,mar,6
casos_nuevos_con_sintomas,2,mar,7
casos_nuevos_con_sintomas,3,mar,8
casos_nuevos_con_sintomas,5,mar,9
casos_nuevos_con_sintomas,2,mar,10
casos_nuevos_con_sintomas,6,mar,11
casos_nuevos_con_sintomas,10,mar,12
casos_nuevos_con_sintomas,10,mar,13
casos_nuevos_con_sintomas,18,mar,14
casos_nuevos_con_sintomas,14,mar,15
casos_nuevos_con_sintomas,81,mar,16
casos_nuevos_con_sintomas,45,mar,17
casos_nuevos_con_sintomas,37,mar,18
casos_nuevos_con_sintomas,104,mar,19
casos_nuevos_con_sintomas,92,mar,20
casos_nuevos_con_sintomas,103,mar,21
casos_nuevos_con_sintomas,95,mar,22
casos_nuevos_con_sintomas,114,mar,23
casos_nuevos_con_sintomas,176,mar,24
casos_nuevos_con_sintomas,220,mar,25
casos_nuevos_con_sintomas,164,mar,26
casos_nuevos_con_sintomas,304,mar,27
casos_nuevos_con_sintomas,299,mar,28
casos_nuevos_con_sintomas,230,mar,29
casos_nuevos_con_sintomas,310,mar,30
casos_nuevos_con_sintomas,289,mar,31
casos_nuevos_con_sintomas,293,abr,1
casos_nuevos_con_sintomas,373,abr,2
casos_nuevos_con_sintomas,333,abr,3
casos_nuevos_con_sintomas,424,abr,4
casos_nuevos_con_sintomas,310,abr,5
casos_nuevos_con_sintomas,344,abr,6
casos_nuevos_con_sintomas,301,abr,7
casos_nuevos_con_sintomas,430,abr,8
casos_nuevos_con_sintomas,426,abr,9
casos_nuevos_con_sintomas,529,abr,10
casos_nuevos_con_sintomas,426,abr,11
casos_nuevos_con_sintomas,286,abr,12
casos_nuevos_con_sintomas,312,abr,13
casos_nuevos_con_sintomas,392,abr,14
casos_nuevos_con_sintomas,356,abr,15
casos_nuevos_con_sintomas,534,abr,16
casos_nuevos_con_sintomas,445,abr,17
casos_nuevos_con_sintomas,478,abr,18
casos_nuevos_con_sintomas,358,abr,19
casos_nuevos_con_sintomas,419,abr,20
casos_nuevos_con_sintomas,325,abr,21
casos_nuevos_con_sintomas,464,abr,22
casos_nuevos_con_sintomas,516,abr,23
casos_nuevos_con_sintomas,494,abr,24
casos_nuevos_con_sintomas,552,abr,25
casos_nuevos_con_sintomas,473,abr,26
casos_nuevos_con_sintomas,482,abr,27
casos_nuevos_con_sintomas,552,abr,28
casos_nuevos_con_sintomas,520,abr,29
casos_nuevos_con_sintomas,780,abr,30
casos_nuevos_con_sintomas,882,may,1
casos_nuevos_con_sintomas,1246,may,2
casos_nuevos_con_sintomas,1112,may,3
casos_nuevos_con_sintomas,876,may,4
casos_nuevos_con_sintomas,1317,may,5
casos_nuevos_con_sintomas,893,may,6
casos_nuevos_con_sintomas,1343,may,7
casos_nuevos_con_sintomas,1183,may,8
casos_nuevos_con_sintomas,1004,may,9
casos_nuevos_con_sintomas,1406,may,10
casos_nuevos_con_sintomas,975,may,11
casos_nuevos_con_sintomas,1479,may,12
casos_nuevos_con_sintomas,2152,may,13
casos_nuevos_con_sintomas,2301,may,14
casos_nuevos_con_sintomas,2112,may,15
casos_nuevos_con_sintomas,1573,may,16
casos_nuevos_con_sintomas,2024,may,17
casos_nuevos_con_sintomas,2018,may,18
casos_nuevos_con_sintomas,3099,may,19
casos_nuevos_con_sintomas,3647,may,20
casos_nuevos_con_sintomas,3538,may,21
casos_nuevos_con_sintomas,3863,may,22
casos_nuevos_con_sintomas,3237,may,23
casos_nuevos_con_sintomas,3343,may,24
casos_nuevos_con_sintomas,4428,may,25
casos_nuevos_con_sintomas,3618,may,26
casos_nuevos_con_sintomas,3956,may,27
casos_nuevos_con_sintomas,4128,may,28
casos_nuevos_con_sintomas,3355,may,29
casos_nuevos_con_sintomas,3736,may,30
casos_nuevos_con_sintomas,4437,may,31
casos_nuevos_con_sintomas,5082,jun,1
casos_nuevos_con_sintomas,3206,jun,2
casos_nuevos_con_sintomas,4537,jun,3
casos_nuevos_con_sintomas,4172,jun,4
casos_nuevos_con_sintomas,3790,jun,5
casos_nuevos_con_sintomas,4888,jun,6
casos_nuevos_con_sintomas,5760,jun,7
casos_nuevos_con_sintomas,4237,jun,8
casos_nuevos_con_sintomas,3587,jun,9
casos_nuevos_con_sintomas,5226,jun,10
casos_nuevos_con_sintomas,5089,jun,11
casos_nuevos_con_sintomas,6217,jun,12
casos_nuevos_con_sintomas,5969,jun,13
casos_nuevos_con_sintomas,6368,jun,14
casos_nuevos_con_sintomas,4660,jun,15
casos_nuevos_con_sintomas,4498,jun,16
casos_nuevos_con_sintomas,4320,jun,17
casos_nuevos_con_sintomas,4060,jun,18
casos_nuevos_con_sintomas,5016,jun,19
casos_nuevos_con_sintomas,4564,jun,20
casos_nuevos_con_sintomas,4181,jun,21
casos_nuevos_con_sintomas,3710,jun,22
casos_nuevos_con_sintomas,3078,jun,23
casos_nuevos_con_sintomas,3020,jun,24
casos_nuevos_con_sintomas,3778,jun,25
casos_nuevos_con_sintomas,3422,jun,26
casos_nuevos_con_sintomas,3481,jun,27
casos_nuevos_con_sintomas,3396,jun,28
casos_nuevos_con_sintomas,3092,jun,29
casos_nuevos_con_sintomas,2690,jun,30
casos_nuevos_con_sintomas,2134,jul,1
casos_nuevos_con_sintomas,2042,jul,2
casos_nuevos_con_sintomas,2703,jul,3
casos_nuevos_con_sintomas,2951,jul,4
casos_nuevos_con_sintomas,2852,jul,5
casos_nuevos_con_sintomas,2354,jul,6
casos_nuevos_con_sintomas,1946,jul,7
casos_nuevos_con_sintomas,1638,jul,8
casos_totales,1,mar,2
casos_totales,1,mar,3
casos_totales,3,mar,4
casos_totales,4,mar,5
casos_totales,5,mar,6
casos_totales,7,mar,7
casos_totales,10,mar,8
casos_totales,15,mar,9
casos_totales,17,mar,10
casos_totales,23,mar,11
casos_totales,33,mar,12
casos_totales,43,mar,13
casos_totales,61,mar,14
casos_totales,75,mar,15
casos_totales,156,mar,16
casos_totales,201,mar,17
casos_totales,238,mar,18
casos_totales,342,mar,19
casos_totales,434,mar,20
casos_totales,537,mar,21
casos_totales,632,mar,22
casos_totales,746,mar,23
casos_totales,922,mar,24
casos_totales,1142,mar,25
casos_totales,1306,mar,26
casos_totales,1610,mar,27
casos_totales,1909,mar,28
casos_totales,2139,mar,29
casos_totales,2449,mar,30
casos_totales,2738,mar,31
casos_totales,3031,abr,1
casos_totales,3404,abr,2
casos_totales,3737,abr,3
casos_totales,4161,abr,4
casos_totales,4471,abr,5
casos_totales,4815,abr,6
casos_totales,5116,abr,7
casos_totales,5546,abr,8
casos_totales,5972,abr,9
casos_totales,6501,abr,10
casos_totales,6927,abr,11
casos_totales,7213,abr,12
casos_totales,7525,abr,13
casos_totales,7917,abr,14
casos_totales,8273,abr,15
casos_totales,8807,abr,16
casos_totales,9252,abr,17
casos_totales,9730,abr,18
casos_totales,10088,abr,19
casos_totales,10507,abr,20
casos_totales,10832,abr,21
casos_totales,11296,abr,22
casos_totales,11812,abr,23
casos_totales,12306,abr,24
casos_totales,12858,abr,25
casos_totales,13331,abr,26
casos_totales,13813,abr,27
casos_totales,14365,abr,28
casos_totales,15135,abr,29
casos_totales,16023,abr,30
casos_totales,17008,may,1
casos_totales,18435,may,2
casos_totales,19663,may,3
casos_totales,20643,may,4
casos_totales,22016,may,5
casos_totales,23048,may,6
casos_totales,24581,may,7
casos_totales,25972,may,8
casos_totales,27219,may,9
casos_totales,28866,may,10
casos_totales,30063,may,11
casos_totales,31721,may,12
casos_totales,34381,may,13
casos_totales,37040,may,14
casos_totales,39542,may,15
casos_totales,41428,may,16
casos_totales,43781,may,17
casos_totales,46059,may,18
casos_totales,49579,may,19
casos_totales,53617,may,20
casos_totales,57581,may,21
casos_totales,61857,may,22
casos_totales,65393,may,23
casos_totales,69102,may,24
casos_totales,73997,may,25
casos_totales,77961,may,26
casos_totales,82289,may,27
casos_totales,86943,may,28
casos_totales,90638,may,29
casos_totales,94858,may,30
casos_totales,99688,may,31
casos_totales,105159,jun,1
casos_totales,108686,jun,2
casos_totales,113628,jun,3
casos_totales,118292,jun,4
casos_totales,122499,jun,5
casos_totales,127745,jun,6
casos_totales,134150,jun,7
casos_totales,138846,jun,8
casos_totales,142759,jun,9
casos_totales,148496,jun,10
casos_totales,154092,jun,11
casos_totales,160846,jun,12
casos_totales,167355,jun,13
casos_totales,174293,jun,14
casos_totales,179436,jun,15
casos_totales,184449,jun,16
casos_totales,220628,jun,17
casos_totales,225103,jun,18
casos_totales,231393,jun,19
casos_totales,236748,jun,20
casos_totales,242355,jun,21
casos_totales,246963,jun,22
casos_totales,250767,jun,23
casos_totales,254416,jun,24
casos_totales,259064,jun,25
casos_totales,263360,jun,26
casos_totales,267766,jun,27
casos_totales,271982,jun,28
casos_totales,275999,jun,29
casos_totales,279393,jun,30
casos_totales,282043,jul,1
casos_totales,284541,jul,2
casos_totales,288089,jul,3
casos_totales,291847,jul,4
casos_totales,295532,jul,5
casos_totales,298557,jul,6
casos_totales,301019,jul,7
casos_totales,303083,jul,8
casos_recuperados,0,mar,2
casos_recuperados,0,mar,3
casos_recuperados,0,mar,4
casos_recuperados,0,mar,5
casos_recuperados,0,mar,6
casos_recuperados,0,mar,7
casos_recuperados,0,mar,8
casos_recuperados,0,mar,9
casos_recuperados,0,mar,10
casos_recuperados,0,mar,11
casos_recuperados,0,mar,12
casos_recuperados,0,mar,13
casos_recuperados,0,mar,14
casos_recuperados,0,mar,15
casos_recuperados,0,mar,16
casos_recuperados,1,mar,17
casos_recuperados,3,mar,18
casos_recuperados,4,mar,19
casos_recuperados,5,mar,20
casos_recuperados,6,mar,21
casos_recuperados,8,mar,22
casos_recuperados,11,mar,23
casos_recuperados,17,mar,24
casos_recuperados,22,mar,25
casos_recuperados,33,mar,26
casos_recuperados,43,mar,27
casos_recuperados,61,mar,28
casos_recuperados,75,mar,29
casos_recuperados,156,mar,30
casos_recuperados,201,mar,31
casos_recuperados,234,abr,1
casos_recuperados,335,abr,2
casos_recuperados,427,abr,3
casos_recuperados,528,abr,4
casos_recuperados,617,abr,5
casos_recuperados,728,abr,6
casos_recuperados,898,abr,7
casos_recuperados,1115,abr,8
casos_recuperados,1274,abr,9
casos_recuperados,1571,abr,10
casos_recuperados,1864,abr,11
casos_recuperados,2059,abr,12
casos_recuperados,2367,abr,13
casos_recuperados,2646,abr,14
casos_recuperados,2937,abr,15
casos_recuperados,3299,abr,16
casos_recuperados,3621,abr,17
casos_recuperados,4035,abr,18
casos_recuperados,4338,abr,19
casos_recuperados,4676,abr,20
casos_recuperados,4969,abr,21
casos_recuperados,5386,abr,22
casos_recuperados,5804,abr,23
casos_recuperados,6327,abr,24
casos_recuperados,6746,abr,25
casos_recuperados,7024,abr,26
casos_recuperados,7327,abr,27
casos_recuperados,7710,abr,28
casos_recuperados,8057,abr,29
casos_recuperados,8580,abr,30
casos_recuperados,9018,may,1
casos_recuperados,9572,may,2
casos_recuperados,10041,may,3
casos_recuperados,10415,may,4
casos_recuperados,10710,may,5
casos_recuperados,11189,may,6
casos_recuperados,11664,may,7
casos_recuperados,12160,may,8
casos_recuperados,12667,may,9
casos_recuperados,13112,may,10
casos_recuperados,13605,may,11
casos_recuperados,14125,may,12
casos_recuperados,14865,may,13
casos_recuperados,15655,may,14
casos_recuperados,16614,may,15
casos_recuperados,18014,may,16
casos_recuperados,19213,may,17
casos_recuperados,20165,may,18
casos_recuperados,21507,may,19
casos_recuperados,22504,may,20
casos_recuperados,23992,may,21
casos_recuperados,25342,may,22
casos_recuperados,26546,may,23
casos_recuperados,28148,may,24
casos_recuperados,29302,may,25
casos_recuperados,30915,may,26
casos_recuperados,33540,may,27
casos_recuperados,36115,may,28
casos_recuperados,38598,may,29
casos_recuperados,40431,may,30
casos_recuperados,42727,may,31
casos_recuperados,44946,jun,1
casos_recuperados,,jun,2
casos_recuperados,,jun,3
casos_recuperados,,jun,4
casos_recuperados,,jun,5
casos_recuperados,,jun,6
casos_recuperados,,jun,7
casos_recuperados,,jun,8
casos_recuperados,,jun,9
casos_recuperados,,jun,10
casos_recuperados,,jun,11
casos_recuperados,,jun,12
casos_recuperados,,jun,13
casos_recuperados,,jun,14
casos_recuperados,,jun,15
casos_recuperados,,jun,16
casos_recuperados,,jun,17
casos_recuperados,,jun,18
casos_recuperados,,jun,19
casos_recuperados,,jun,20
casos_recuperados,,jun,21
casos_recuperados,,jun,22
casos_recuperados,,jun,23
casos_recuperados,,jun,24
casos_recuperados,,jun,25
casos_recuperados,,jun,26
casos_recuperados,,jun,27
casos_recuperados,,jun,28
casos_recuperados,,jun,29
casos_recuperados,,jun,30
casos_recuperados,,jul,1
casos_recuperados,,jul,2
casos_recuperados,,jul,3
casos_recuperados,,jul,4
casos_recuperados,,jul,5
casos_recuperados,,jul,6
casos_recuperados,,jul,7
casos_recuperados,,jul,8
fallecidos,0,mar,2
fallecidos,0,mar,3
fallecidos,0,mar,4
fallecidos,0,mar,5
fallecidos,0,mar,6
fallecidos,0,mar,7
fallecidos,0,mar,8
fallecidos,0,mar,9
fallecidos,0,mar,10
fallecidos,0,mar,11
fallecidos,0,mar,12
fallecidos,0,mar,13
fallecidos,0,mar,14
fallecidos,0,mar,15
fallecidos,0,mar,16
fallecidos,0,mar,17
fallecidos,0,mar,18
fallecidos,0,mar,19
fallecidos,0,mar,20
fallecidos,0,mar,21
fallecidos,1,mar,22
fallecidos,1,mar,23
fallecidos,2,mar,24
fallecidos,3,mar,25
fallecidos,4,mar,26
fallecidos,5,mar,27
fallecidos,6,mar,28
fallecidos,7,mar,29
fallecidos,8,mar,30
fallecidos,12,mar,31
fallecidos,16,abr,1
fallecidos,18,abr,2
fallecidos,22,abr,3
fallecidos,27,abr,4
fallecidos,34,abr,5
fallecidos,37,abr,6
fallecidos,43,abr,7
fallecidos,48,abr,8
fallecidos,57,abr,9
fallecidos,65,abr,10
fallecidos,73,abr,11
fallecidos,80,abr,12
fallecidos,82,abr,13
fallecidos,92,abr,14
fallecidos,94,abr,15
fallecidos,105,abr,16
fallecidos,116,abr,17
fallecidos,126,abr,18
fallecidos,133,abr,19
fallecidos,139,abr,20
fallecidos,147,abr,21
fallecidos,160,abr,22
fallecidos,168,abr,23
fallecidos,174,abr,24
fallecidos,181,abr,25
fallecidos,189,abr,26
fallecidos,198,abr,27
fallecidos,207,abr,28
fallecidos,216,abr,29
fallecidos,227,abr,30
fallecidos,234,may,1
fallecidos,247,may,2
fallecidos,260,may,3
fallecidos,270,may,4
fallecidos,275,may,5
fallecidos,281,may,6
fallecidos,285,may,7
fallecidos,294,may,8
fallecidos,304,may,9
fallecidos,312,may,10
fallecidos,323,may,11
fallecidos,335,may,12
fallecidos,346,may,13
fallecidos,368,may,14
fallecidos,394,may,15
fallecidos,421,may,16
fallecidos,450,may,17
fallecidos,478,may,18
fallecidos,509,may,19
fallecidos,544,may,20
fallecidos,589,may,21
fallecidos,630,may,22
fallecidos,673,may,23
fallecidos,718,may,24
fallecidos,761,may,25
fallecidos,806,may,26
fallecidos,841,may,27
fallecidos,890,may,28
fallecidos,944,may,29
fallecidos,997,may,30
fallecidos,1054,may,31
fallecidos,1113,jun,1
fallecidos,1188,jun,2
fallecidos,1275,jun,3
fallecidos,1356,jun,4
fallecidos,1448,jun,5
fallecidos,1541,jun,6
fallecidos,2190,jun,7
fallecidos,2264,jun,8
fallecidos,2283,jun,9
fallecidos,2475,jun,10
fallecidos,2648,jun,11
fallecidos,2870,jun,12
fallecidos,3101,jun,13
fallecidos,3323,jun,14
fallecidos,3362,jun,15
fallecidos,3383,jun,16
fallecidos,3615,jun,17
fallecidos,3841,jun,18
fallecidos,4093,jun,19
fallecidos,4295,jun,20
fallecidos,4479,jun,21
fallecidos,4502,jun,22
fallecidos,4505,jun,23
fallecidos,4731,jun,24
fallecidos,4903,jun,25
fallecidos,5068,jun,26
fallecidos,5347,jun,27
fallecidos,5509,jun,28
fallecidos,5575,jun,29
fallecidos,5688,jun,30
fallecidos,5753,jul,1
fallecidos,5920,jul,2
fallecidos,6051,jul,3
fallecidos,6192,jul,4
fallecidos,6308,jul,5
fallecidos,6384,jul,6
fallecidos,6434,jul,7
fallecidos,6573,jul,8
casos_activos,1,mar,2
casos_activos,1,mar,3
casos_activos,3,mar,4
casos_activos,4,mar,5
casos_activos,5,mar,6
casos_activos,7,mar,7
casos_activos,10,mar,8
casos_activos,15,mar,9
casos_activos,17,mar,10
casos_activos,23,mar,11
casos_activos,33,mar,12
casos_activos,43,mar,13
casos_activos,61,mar,14
casos_activos,75,mar,15
casos_activos,156,mar,16
casos_activos,200,mar,17
casos_activos,235,mar,18
casos_activos,338,mar,19
casos_activos,429,mar,20
casos_activos,531,mar,21
casos_activos,623,mar,22
casos_activos,734,mar,23
casos_activos,903,mar,24
casos_activos,1117,mar,25
casos_activos,1269,mar,26
casos_activos,1562,mar,27
casos_activos,1842,mar,28
casos_activos,2057,mar,29
casos_activos,2285,mar,30
casos_activos,2525,mar,31
casos_activos,2781,abr,1
casos_activos,3051,abr,2
casos_activos,3288,abr,3
casos_activos,3606,abr,4
casos_activos,3820,abr,5
casos_activos,4050,abr,6
casos_activos,4175,abr,7
casos_activos,4383,abr,8
casos_activos,4641,abr,9
casos_activos,4865,abr,10
casos_activos,4990,abr,11
casos_activos,5074,abr,12
casos_activos,5076,abr,13
casos_activos,5179,abr,14
casos_activos,5242,abr,15
casos_activos,5403,abr,16
casos_activos,5515,abr,17
casos_activos,5569,abr,18
casos_activos,5617,abr,19
casos_activos,5692,abr,20
casos_activos,5716,abr,21
casos_activos,5750,abr,22
casos_activos,5840,abr,23
casos_activos,5805,abr,24
casos_activos,5931,abr,25
casos_activos,6118,abr,26
casos_activos,6288,abr,27
casos_activos,6448,abr,28
casos_activos,6862,abr,29
casos_activos,7216,abr,30
casos_activos,7756,may,1
casos_activos,8616,may,2
casos_activos,9362,may,3
casos_activos,9958,may,4
casos_activos,11031,may,5
casos_activos,11578,may,6
casos_activos,12632,may,7
casos_activos,13518,may,8
casos_activos,14248,may,9
casos_activos,15442,may,10
casos_activos,16135,may,11
casos_activos,17261,may,12
casos_activos,19170,may,13
casos_activos,21017,may,14
casos_activos,22534,may,15
casos_activos,22993,may,16
casos_activos,24118,may,17
casos_activos,25416,may,18
casos_activos,27563,may,19
casos_activos,30569,may,20
casos_activos,33000,may,21
casos_activos,35885,may,22
casos_activos,38174,may,23
casos_activos,40236,may,24
casos_activos,43934,may,25
casos_activos,46240,may,26
casos_activos,47908,may,27
casos_activos,49938,may,28
casos_activos,51096,may,29
casos_activos,53430,may,30
casos_activos,55907,may,31
casos_activos,59100,jun,1
casos_activos,21325,jun,2
casos_activos,21605,jun,3
casos_activos,21305,jun,4
casos_activos,21693,jun,5
casos_activos,22387,jun,6
casos_activos,24363,jun,7
casos_activos,24334,jun,8
casos_activos,23115,jun,9
casos_activos,24201,jun,10
casos_activos,25000,jun,11
casos_activos,26618,jun,12
casos_activos,26958,jun,13
casos_activos,27266,jun,14
casos_activos,27282,jun,15
casos_activos,24834,jun,16
casos_activos,35082,jun,17
casos_activos,34821,jun,18
casos_activos,35809,jun,19
casos_activos,35844,jun,20
casos_activos,37307,jun,21
casos_activos,37064,jun,22
casos_activos,35692,jun,23
casos_activos,34592,jun,24
casos_activos,34834,jun,25
casos_activos,34861,jun,26
casos_activos,34364,jun,27
casos_activos,34263,jun,28
casos_activos,34270,jun,29
casos_activos,32476,jun,30
casos_activos,30847,jul,1
casos_activos,29374,jul,2
casos_activos,28695,jul,3
casos_activos,28210,jul,4
casos_activos,28194,jul,5
casos_activos,27804,jul,6
casos_activos,26340,jul,7
casos_activos,24807,jul,8
casos_nuevos_sin_sintomas,,mar,2
casos_nuevos_sin_sintomas,,mar,3
casos_nuevos_sin_sintomas,,mar,4
casos_nuevos_sin_sintomas,,mar,5
casos_nuevos_sin_sintomas,,mar,6
casos_nuevos_sin_sintomas,,mar,7
casos_nuevos_sin_sintomas,,mar,8
casos_nuevos_sin_sintomas,,mar,9
casos_nuevos_sin_sintomas,,mar,10
casos_nuevos_sin_sintomas,,mar,11
casos_nuevos_sin_sintomas,,mar,12
casos_nuevos_sin_sintomas,,mar,13
casos_nuevos_sin_sintomas,,mar,14
casos_nuevos_sin_sintomas,,mar,15
casos_nuevos_sin_sintomas,,mar,16
casos_nuevos_sin_sintomas,,mar,17
casos_nuevos_sin_sintomas,,mar,18
casos_nuevos_sin_sintomas,,mar,19
casos_nuevos_sin_sintomas,,mar,20
casos_nuevos_sin_sintomas,,mar,21
casos_nuevos_sin_sintomas,,mar,22
casos_nuevos_sin_sintomas,,mar,23
casos_nuevos_sin_sintomas,,mar,24
casos_nuevos_sin_sintomas,,mar,25
casos_nuevos_sin_sintomas,,mar,26
casos_nuevos_sin_sintomas,,mar,27
casos_nuevos_sin_sintomas,,mar,28
casos_nuevos_sin_sintomas,,mar,29
casos_nuevos_sin_sintomas,,mar,30
casos_nuevos_sin_sintomas,,mar,31
casos_nuevos_sin_sintomas,,abr,1
casos_nuevos_sin_sintomas,,abr,2
casos_nuevos_sin_sintomas,,abr,3
casos_nuevos_sin_sintomas,,abr,4
casos_nuevos_sin_sintomas,,abr,5
casos_nuevos_sin_sintomas,,abr,6
casos_nuevos_sin_sintomas,,abr,7
casos_nuevos_sin_sintomas,,abr,8
casos_nuevos_sin_sintomas,,abr,9
casos_nuevos_sin_sintomas,,abr,10
casos_nuevos_sin_sintomas,,abr,11
casos_nuevos_sin_sintomas,,abr,12
casos_nuevos_sin_sintomas,,abr,13
casos_nuevos_sin_sintomas,,abr,14
casos_nuevos_sin_sintomas,,abr,15
casos_nuevos_sin_sintomas,,abr,16
casos_nuevos_sin_sintomas,,abr,17
casos_nuevos_sin_sintomas,,abr,18
casos_nuevos_sin_sintomas,,abr,19
casos_nuevos_sin_sintomas,,abr,20
casos_nuevos_sin_sintomas,,abr,21
casos_nuevos_sin_sintomas,,abr,22
casos_nuevos_sin_sintomas,,abr,23
casos_nuevos_sin_sintomas,,abr,24
casos_nuevos_sin_sintomas,,abr,25
casos_nuevos_sin_sintomas,,abr,26
casos_nuevos_sin_sintomas,,abr,27
casos_nuevos_sin_sintomas,,abr,28
casos_nuevos_sin_sintomas,250,abr,29
casos_nuevos_sin_sintomas,108,abr,30
casos_nuevos_sin_sintomas,103,may,1
casos_nuevos_sin_sintomas,181,may,2
casos_nuevos_sin_sintomas,116,may,3
casos_nuevos_sin_sintomas,104,may,4
casos_nuevos_sin_sintomas,56,may,5
casos_nuevos_sin_sintomas,139,may,6
casos_nuevos_sin_sintomas,190,may,7
casos_nuevos_sin_sintomas,208,may,8
casos_nuevos_sin_sintomas,243,may,9
casos_nuevos_sin_sintomas,241,may,10
casos_nuevos_sin_sintomas,222,may,11
casos_nuevos_sin_sintomas,179,may,12
casos_nuevos_sin_sintomas,508,may,13
casos_nuevos_sin_sintomas,358,may,14
casos_nuevos_sin_sintomas,390,may,15
casos_nuevos_sin_sintomas,313,may,16
casos_nuevos_sin_sintomas,329,may,17
casos_nuevos_sin_sintomas,260,may,18
casos_nuevos_sin_sintomas,421,may,19
casos_nuevos_sin_sintomas,391,may,20
casos_nuevos_sin_sintomas,426,may,21
casos_nuevos_sin_sintomas,413,may,22
casos_nuevos_sin_sintomas,299,may,23
casos_nuevos_sin_sintomas,366,may,24
casos_nuevos_sin_sintomas,467,may,25
casos_nuevos_sin_sintomas,346,may,26
casos_nuevos_sin_sintomas,372,may,27
casos_nuevos_sin_sintomas,526,may,28
casos_nuevos_sin_sintomas,340,may,29
casos_nuevos_sin_sintomas,484,may,30
casos_nuevos_sin_sintomas,393,may,31
casos_nuevos_sin_sintomas,389,jun,1
casos_nuevos_sin_sintomas,321,jun,2
casos_nuevos_sin_sintomas,405,jun,3
casos_nuevos_sin_sintomas,492,jun,4
casos_nuevos_sin_sintomas,417,jun,5
casos_nuevos_sin_sintomas,358,jun,6
casos_nuevos_sin_sintomas,645,jun,7
casos_nuevos_sin_sintomas,459,jun,8
casos_nuevos_sin_sintomas,326,jun,9
casos_nuevos_sin_sintomas,511,jun,10
casos_nuevos_sin_sintomas,507,jun,11
casos_nuevos_sin_sintomas,537,jun,12
casos_nuevos_sin_sintomas,540,jun,13
casos_nuevos_sin_sintomas,570,jun,14
casos_nuevos_sin_sintomas,483,jun,15
casos_nuevos_sin_sintomas,515,jun,16
casos_nuevos_sin_sintomas,437,jun,17
casos_nuevos_sin_sintomas,383,jun,18
casos_nuevos_sin_sintomas,599,jun,19
casos_nuevos_sin_sintomas,418,jun,20
casos_nuevos_sin_sintomas,594,jun,21
casos_nuevos_sin_sintomas,399,jun,22
casos_nuevos_sin_sintomas,336,jun,23
casos_nuevos_sin_sintomas,264,jun,24
casos_nuevos_sin_sintomas,423,jun,25
casos_nuevos_sin_sintomas,413,jun,26
casos_nuevos_sin_sintomas,426,jun,27
casos_nuevos_sin_sintomas,402,jun,28
casos_nuevos_sin_sintomas,432,jun,29
casos_nuevos_sin_sintomas,338,jun,30
casos_nuevos_sin_sintomas,300,jul,1
casos_nuevos_sin_sintomas,230,jul,2
casos_nuevos_sin_sintomas,322,jul,3
casos_nuevos_sin_sintomas,371,jul,4
casos_nuevos_sin_sintomas,438,jul,5
casos_nuevos_sin_sintomas,404,jul,6
casos_nuevos_sin_sintomas,266,jul,7
casos_nuevos_sin_sintomas,265,jul,8
casos_nuevos_totales,1,mar,2
casos_nuevos_totales,0,mar,3
casos_nuevos_totales,2,mar,4
casos_nuevos_totales,1,mar,5
casos_nuevos_totales,1,mar,6
casos_nuevos_totales,2,mar,7
casos_nuevos_totales,3,mar,8
casos_nuevos_totales,5,mar,9
casos_nuevos_totales,2,mar,10
casos_nuevos_totales,6,mar,11
casos_nuevos_totales,10,mar,12
casos_nuevos_totales,10,mar,13
casos_nuevos_totales,18,mar,14
casos_nuevos_totales,14,mar,15
casos_nuevos_totales,81,mar,16
casos_nuevos_totales,45,mar,17
casos_nuevos_totales,37,mar,18
casos_nuevos_totales,104,mar,19
casos_nuevos_totales,92,mar,20
casos_nuevos_totales,103,mar,21
casos_nuevos_totales,95,mar,22
casos_nuevos_totales,114,mar,23
casos_nuevos_totales,176,mar,24
casos_nuevos_totales,220,mar,25
casos_nuevos_totales,164,mar,26
casos_nuevos_totales,304,mar,27
casos_nuevos_totales,299,mar,28
casos_nuevos_totales,230,mar,29
casos_nuevos_totales,310,mar,30
casos_nuevos_totales,289,mar,31
casos_nuevos_totales,293,abr,1
casos_nuevos_totales,373,abr,2
casos_nuevos_totales,333,abr,3
casos_nuevos_totales,424,abr,4
casos_nuevos_totales,310,abr,5
casos_nuevos_totales,344,abr,6
casos_nuevos_totales,301,abr,7
casos_nuevos_totales,430,abr,8
casos_nuevos_totales,426,abr,9
casos_nuevos_totales,529,abr,10
casos_nuevos_totales,426,abr,11
casos_nuevos_totales,286,abr,12
casos_nuevos_totales,312,abr,13
casos_nuevos_totales,392,abr,14
casos_nuevos_totales,356,abr,15
casos_nuevos_totales,534,abr,16
casos_nuevos_totales,445,abr,17
casos_nuevos_totales,478,abr,18
casos_nuevos_totales,358,abr,19
casos_nuevos_totales,419,abr,20
casos_nuevos_totales,325,abr,21
casos_nuevos_totales,464,abr,22
casos_nuevos_totales,516,abr,23
casos_nuevos_totales,494,abr,24
casos_nuevos_totales,552,abr,25
casos_nuevos_totales,473,abr,26
casos_nuevos_totales,482,abr,27
casos_nuevos_totales,552,abr,28
casos_nuevos_totales,770,abr,29
casos_nuevos_totales,888,abr,30
casos_nuevos_totales,985,may,1
casos_nuevos_totales,1427,may,2
casos_nuevos_totales,1228,may,3
casos_nuevos_totales,980,may,4
casos_nuevos_totales,1373,may,5
casos_nuevos_totales,1032,may,6
casos_nuevos_totales,1533,may,7
casos_nuevos_totales,1391,may,8
casos_nuevos_totales,1247,may,9
casos_nuevos_totales,1647,may,10
casos_nuevos_totales,1197,may,11
casos_nuevos_totales,1658,may,12
casos_nuevos_totales,2660,may,13
casos_nuevos_totales,2659,may,14
casos_nuevos_totales,2502,may,15
casos_nuevos_totales,1886,may,16
casos_nuevos_totales,2353,may,17
casos_nuevos_totales,2278,may,18
casos_nuevos_totales,3520,may,19
casos_nuevos_totales,4038,may,20
casos_nuevos_totales,3964,may,21
casos_nuevos_totales,4276,may,22
casos_nuevos_totales,3536,may,23
casos_nuevos_totales,3709,may,24
casos_nuevos_totales,4895,may,25
casos_nuevos_totales,3964,may,26
casos_nuevos_totales,4328,may,27
casos_nuevos_totales,4654,may,28
casos_nuevos_totales,3695,may,29
casos_nuevos_totales,4220,may,30
casos_nuevos_totales,4830,may,31
casos_nuevos_totales,5471,jun,1
casos_nuevos_totales,3527,jun,2
casos_nuevos_totales,4942,jun,3
casos_nuevos_totales,4664,jun,4
casos_nuevos_totales,4207,jun,5
casos_nuevos_totales,5246,jun,6
casos_nuevos_totales,6405,jun,7
casos_nuevos_totales,4696,jun,8
casos_nuevos_totales,3913,jun,9
casos_nuevos_totales,5737,jun,10
casos_nuevos_totales,5596,jun,11
casos_nuevos_totales,6754,jun,12
casos_nuevos_totales,6509,jun,13
casos_nuevos_totales,6938,jun,14
casos_nuevos_totales,5143,jun,15
casos_nuevos_totales,5013,jun,16
casos_nuevos_totales,4757,jun,17
casos_nuevos_totales,4475,jun,18
casos_nuevos_totales,6290,jun,19
casos_nuevos_totales,5355,jun,20
casos_nuevos_totales,5607,jun,21
casos_nuevos_totales,4608,jun,22
casos_nuevos_totales,3804,jun,23
casos_nuevos_totales,3649,jun,24
casos_nuevos_totales,4648,jun,25
casos_nuevos_totales,4296,jun,26
casos_nuevos_totales,4406,jun,27
casos_nuevos_totales,4216,jun,28
casos_nuevos_totales,4017,jun,29
casos_nuevos_totales,3394,jun,30
casos_nuevos_totales,2650,jul,1
casos_nuevos_totales,2498,jul,2
casos_nuevos_totales,3548,jul,3
casos_nuevos_totales,3758,jul,4
casos_nuevos_totales,3685,jul,5
casos_nuevos_totales,3025,jul,6
casos_nuevos_totales,2462,jul,7
casos_nuevos_totales,2064,jul,8
casos_activos_por_fd,1,mar,2
casos_activos_por_fd,1,mar,3
casos_activos_por_fd,3,mar,4
casos_activos_por_fd,4,mar,5
casos_activos_por_fd,5,mar,6
casos_activos_por_fd,7,mar,7
casos_activos_por_fd,10,mar,8
casos_activos_por_fd,15,mar,9
casos_activos_por_fd,17,mar,10
casos_activos_por_fd,23,mar,11
casos_activos_por_fd,33,mar,12
casos_activos_por_fd,43,mar,13
casos_activos_por_fd,61,mar,14
casos_activos_por_fd,75,mar,15
casos_activos_por_fd,156,mar,16
casos_activos_por_fd,200,mar,17
casos_activos_por_fd,235,mar,18
casos_activos_por_fd,338,mar,19
casos_activos_por_fd,429,mar,20
casos_activos_por_fd,531,mar,21
casos_activos_por_fd,623,mar,22
casos_activos_por_fd,734,mar,23
casos_activos_por_fd,903,mar,24
casos_activos_por_fd,1117,mar,25
casos_activos_por_fd,1269,mar,26
casos_activos_por_fd,1562,mar,27
casos_activos_por_fd,1842,mar,28
casos_activos_por_fd,2057,mar,29
casos_activos_por_fd,2285,mar,30
casos_activos_por_fd,2525,mar,31
casos_activos_por_fd,2781,abr,1
casos_activos_por_fd,3051,abr,2
casos_activos_por_fd,3288,abr,3
casos_activos_por_fd,3606,abr,4
casos_activos_por_fd,3820,abr,5
casos_activos_por_fd,4050,abr,6
casos_activos_por_fd,4175,abr,7
casos_activos_por_fd,4383,abr,8
casos_activos_por_fd,4641,abr,9
casos_activos_por_fd,4865,abr,10
casos_activos_por_fd,4990,abr,11
casos_activos_por_fd,5074,abr,12
casos_activos_por_fd,5076,abr,13
casos_activos_por_fd,5179,abr,14
casos_activos_por_fd,5242,abr,15
casos_activos_por_fd,5403,abr,16
casos_activos_por_fd,5515,abr,17
casos_activos_por_fd,5569,abr,18
casos_activos_por_fd,5617,abr,19
casos_activos_por_fd,5692,abr,20
casos_activos_por_fd,5716,abr,21
casos_activos_por_fd,5750,abr,22
casos_activos_por_fd,5840,abr,23
casos_activos_por_fd,5805,abr,24
casos_activos_por_fd,5931,abr,25
casos_activos_por_fd,6118,abr,26
casos_activos_por_fd,6288,abr,27
casos_activos_por_fd,6448,abr,28
casos_activos_por_fd,6862,abr,29
casos_activos_por_fd,7216,abr,30
casos_activos_por_fd,7756,may,1
casos_activos_por_fd,8616,may,2
casos_activos_por_fd,9362,may,3
casos_activos_por_fd,9958,may,4
casos_activos_por_fd,11031,may,5
casos_activos_por_fd,11578,may,6
casos_activos_por_fd,12632,may,7
casos_activos_por_fd,13518,may,8
casos_activos_por_fd,14248,may,9
casos_activos_por_fd,15442,may,10
casos_activos_por_fd,16135,may,11
casos_activos_por_fd,17261,may,12
casos_activos_por_fd,19170,may,13
casos_activos_por_fd,21017,may,14
casos_activos_por_fd,22534,may,15
casos_activos_por_fd,22993,may,16
casos_activos_por_fd,24118,may,17
casos_activos_por_fd,25416,may,18
casos_activos_por_fd,27563,may,19
casos_activos_por_fd,30569,may,20
casos_activos_por_fd,33000,may,21
casos_activos_por_fd,35885,may,22
casos_activos_por_fd,38174,may,23
casos_activos_por_fd,40236,may,24
casos_activos_por_fd,43934,may,25
casos_activos_por_fd,46240,may,26
casos_activos_por_fd,47908,may,27
casos_activos_por_fd,49938,may,28
casos_activos_por_fd,51096,may,29
casos_activos_por_fd,53430,may,30
casos_activos_por_fd,55907,may,31
casos_activos_por_fd,59100,jun,1
casos_activos_por_fd,59107,jun,2
casos_activos_por_fd,60011,jun,3
casos_activos_por_fd,60711,jun,4
casos_activos_por_fd,60642,jun,5
casos_activos_por_fd,62352,jun,6
casos_activos_por_fd,65048,jun,7
casos_activos_por_fd,64849,jun,8
casos_activos_por_fd,64798,jun,9
casos_activos_por_fd,66207,jun,10
casos_activos_por_fd,67149,jun,11
casos_activos_por_fd,70208,jun,12
casos_activos_por_fd,72497,jun,13
casos_activos_por_fd,74605,jun,14
casos_activos_por_fd,74277,jun,15
casos_activos_por_fd,75763,jun,16
casos_activos_por_fd,75346,jun,17
casos_activos_por_fd,106811,jun,18
casos_activos_por_fd,108894,jun,19
casos_activos_por_fd,109003,jun,20
casos_activos_por_fd,108205,jun,21
casos_activos_por_fd,108117,jun,22
casos_activos_por_fd,108008,jun,23
casos_activos_por_fd,105920,jun,24
casos_activos_por_fd,104972,jun,25
casos_activos_por_fd,102514,jun,26
casos_activos_por_fd,100411,jun,27
casos_activos_por_fd,97689,jun,28
casos_activos_por_fd,96563,jun,29
casos_activos_por_fd,94944,jun,30
casos_activos_por_fd,61415,jul,1
casos_activos_por_fd,59438,jul,2
casos_activos_por_fd,56696,jul,3
casos_activos_por_fd,55099,jul,4
casos_activos_por_fd,53177,jul,5
casos_activos_por_fd,51594,jul,6
casos_activos_por_fd,50252,jul,7
casos_activos_por_fd,48667,jul,8
casos_activos_por_fis,,mar,2
casos_activos_por_fis,,mar,3
casos_activos_por_fis,,mar,4
casos_activos_por_fis,,mar,5
casos_activos_por_fis,,mar,6
casos_activos_por_fis,,mar,7
casos_activos_por_fis,,mar,8
casos_activos_por_fis,,mar,9
casos_activos_por_fis,,mar,10
casos_activos_por_fis,,mar,11
casos_activos_por_fis,,mar,12
casos_activos_por_fis,,mar,13
casos_activos_por_fis,,mar,14
casos_activos_por_fis,,mar,15
casos_activos_por_fis,,mar,16
casos_activos_por_fis,,mar,17
casos_activos_por_fis,,mar,18
casos_activos_por_fis,,mar,19
casos_activos_por_fis,,mar,20
casos_activos_por_fis,,mar,21
casos_activos_por_fis,,mar,22
casos_activos_por_fis,,mar,23
casos_activos_por_fis,,mar,24
casos_activos_por_fis,,mar,25
casos_activos_por_fis,,mar,26
casos_activos_por_fis,,mar,27
casos_activos_por_fis,,mar,28
casos_activos_por_fis,,mar,29
casos_activos_por_fis,,mar,30
casos_activos_por_fis,,mar,31
casos_activos_por_fis,,abr,1
casos_activos_por_fis,,abr,2
casos_activos_por_fis,,abr,3
casos_activos_por_fis,,abr,4
casos_activos_por_fis,,abr,5
casos_activos_por_fis,,abr,6
casos_activos_por_fis,,abr,7
casos_activos_por_fis,,abr,8
casos_activos_por_fis,,abr,9
casos_activos_por_fis,,abr,10
casos_activos_por_fis,,abr,11
casos_activos_por_fis,,abr,12
casos_activos_por_fis,,abr,13
casos_activos_por_fis,,abr,14
casos_activos_por_fis,,abr,15
casos_activos_por_fis,,abr,16
casos_activos_por_fis,,abr,17
casos_activos_por_fis,,abr,18
casos_activos_por_fis,,abr,19
casos_activos_por_fis,,abr,20
casos_activos_por_fis,,abr,21
casos_activos_por_fis,,abr,22
casos_activos_por_fis,,abr,23
casos_activos_por_fis,,abr,24
casos_activos_por_fis,,abr,25
casos_activos_por_fis,,abr,26
casos_activos_por_fis,,abr,27
casos_activos_por_fis,,abr,28
casos_activos_por_fis,,abr,29
casos_activos_por_fis,,abr,30
casos_activos_por_fis,,may,1
casos_activos_por_fis,,may,2
casos_activos_por_fis,,may,3
casos_activos_por_fis,,may,4
casos_activos_por_fis,,may,5
casos_activos_por_fis,,may,6
casos_activos_por_fis,,may,7
casos_activos_por_fis,,may,8
casos_activos_por_fis,,may,9
casos_activos_por_fis,,may,10
casos_activos_por_fis,,may,11
casos_activos_por_fis,,may,12
casos_activos_por_fis,,may,13
casos_activos_por_fis,,may,14
casos_activos_por_fis,,may,15
casos_activos_por_fis,,may,16
casos_activos_por_fis,,may,17
casos_activos_por_fis,,may,18
casos_activos_por_fis,,may,19
casos_activos_por_fis,,may,20
casos_activos_por_fis,,may,21
casos_activos_por_fis,,may,22
casos_activos_por_fis,,may,23
casos_activos_por_fis,,may,24
casos_activos_por_fis,,may,25
casos_activos_por_fis,,may,26
casos_activos_por_fis,,may,27
casos_activos_por_fis,,may,28
casos_activos_por_fis,,may,29
casos_activos_por_fis,,may,30
casos_activos_por_fis,,may,31
casos_activos_por_fis,,jun,1
casos_activos_por_fis,21325,jun,2
casos_activos_por_fis,21605,jun,3
casos_activos_por_fis,21305,jun,4
casos_activos_por_fis,21693,jun,5
casos_activos_por_fis,22387,jun,6
casos_activos_por_fis,24363,jun,7
casos_activos_por_fis,24334,jun,8
casos_activos_por_fis,23115,jun,9
casos_activos_por_fis,24201,jun,10
casos_activos_por_fis,25000,jun,11
casos_activos_por_fis,26618,jun,12
casos_activos_por_fis,26958,jun,13
casos_activos_por_fis,27266,jun,14
casos_activos_por_fis,27282,jun,15
casos_activos_por_fis,24834,jun,16
casos_activos_por_fis,35082,jun,17
casos_activos_por_fis,34821,jun,18
casos_activos_por_fis,35809,jun,19
casos_activos_por_fis,35844,jun,20
casos_activos_por_fis,37307,jun,21
casos_activos_por_fis,37064,jun,22
casos_activos_por_fis,35692,jun,23
casos_activos_por_fis,34592,jun,24
casos_activos_por_fis,34834,jun,25
casos_activos_por_fis,34861,jun,26
casos_activos_por_fis,34364,jun,27
casos_activos_por_fis,34263,jun,28
casos_activos_por_fis,34270,jun,29
casos_activos_por_fis,32476,jun,30
casos_activos_por_fis,30847,jul,1
casos_activos_por_fis,29374,jul,2
casos_activos_por_fis,28695,jul,3
casos_activos_por_fis,28210,jul,4
casos_activos_por_fis,28194,jul,5
casos_activos_por_fis,27804,jul,6
casos_activos_por_fis,26340,jul,7
casos_activos_por_fis,24807,jul,8
casos_recuperados_por_fis,,mar,2
casos_recuperados_por_fis,,mar,3
casos_recuperados_por_fis,,mar,4
casos_recuperados_por_fis,,mar,5
casos_recuperados_por_fis,,mar,6
casos_recuperados_por_fis,,mar,7
casos_recuperados_por_fis,,mar,8
casos_recuperados_por_fis,,mar,9
casos_recuperados_por_fis,,mar,10
casos_recuperados_por_fis,,mar,11
casos_recuperados_por_fis,,mar,12
casos_recuperados_por_fis,,mar,13
casos_recuperados_por_fis,,mar,14
casos_recuperados_por_fis,,mar,15
casos_recuperados_por_fis,,mar,16
casos_recuperados_por_fis,,mar,17
casos_recuperados_por_fis,,mar,18
casos_recuperados_por_fis,,mar,19
casos_recuperados_por_fis,,mar,20
casos_recuperados_por_fis,,mar,21
casos_recuperados_por_fis,,mar,22
casos_recuperados_por_fis,,mar,23
casos_recuperados_por_fis,,mar,24
casos_recuperados_por_fis,,mar,25
casos_recuperados_por_fis,,mar,26
casos_recuperados_por_fis,,mar,27
casos_recuperados_por_fis,,mar,28
casos_recuperados_por_fis,,mar,29
casos_recuperados_por_fis,,mar,30
casos_recuperados_por_fis,,mar,31
casos_recuperados_por_fis,,abr,1
casos_recuperados_por_fis,,abr,2
casos_recuperados_por_fis,,abr,3
casos_recuperados_por_fis,,abr,4
casos_recuperados_por_fis,,abr,5
casos_recuperados_por_fis,,abr,6
casos_recuperados_por_fis,,abr,7
casos_recuperados_por_fis,,abr,8
casos_recuperados_por_fis,,abr,9
casos_recuperados_por_fis,,abr,10
casos_recuperados_por_fis,,abr,11
casos_recuperados_por_fis,,abr,12
casos_recuperados_por_fis,,abr,13
casos_recuperados_por_fis,,abr,14
casos_recuperados_por_fis,,abr,15
casos_recuperados_por_fis,,abr,16
casos_recuperados_por_fis,,abr,17
casos_recuperados_por_fis,,abr,18
casos_recuperados_por_fis,,abr,19
casos_recuperados_por_fis,,abr,20
casos_recuperados_por_fis,,abr,21
casos_recuperados_por_fis,,abr,22
casos_recuperados_por_fis,,abr,23
casos_recuperados_por_fis,,abr,24
casos_recuperados_por_fis,,abr,25
casos_recuperados_por_fis,,abr,26
casos_recuperados_por_fis,,abr,27
casos_recuperados_por_fis,,abr,28
casos_recuperados_por_fis,,abr,29
casos_recuperados_por_fis,,abr,30
casos_recuperados_por_fis,,may,1
casos_recuperados_por_fis,,may,2
casos_recuperados_por_fis,,may,3
casos_recuperados_por_fis,,may,4
casos_recuperados_por_fis,,may,5
casos_recuperados_por_fis,,may,6
casos_recuperados_por_fis,,may,7
casos_recuperados_por_fis,,may,8
casos_recuperados_por_fis,,may,9
casos_recuperados_por_fis,,may,10
casos_recuperados_por_fis,,may,11
casos_recuperados_por_fis,,may,12
casos_recuperados_por_fis,,may,13
casos_recuperados_por_fis,,may,14
casos_recuperados_por_fis,,may,15
casos_recuperados_por_fis,,may,16
casos_recuperados_por_fis,,may,17
casos_recuperados_por_fis,,may,18
casos_recuperados_por_fis,,may,19
casos_recuperados_por_fis,,may,20
casos_recuperados_por_fis,,may,21
casos_recuperados_por_fis,,may,22
casos_recuperados_por_fis,,may,23
casos_recuperados_por_fis,,may,24
casos_recuperados_por_fis,,may,25
casos_recuperados_por_fis,,may,26
casos_recuperados_por_fis,,may,27
casos_recuperados_por_fis,,may,28
casos_recuperados_por_fis,,may,29
casos_recuperados_por_fis,,may,30
casos_recuperados_por_fis,,may,31
casos_recuperados_por_fis,,jun,1
casos_recuperados_por_fis,86173,jun,2
casos_recuperados_por_fis,90748,jun,3
casos_recuperados_por_fis,95631,jun,4
casos_recuperados_por_fis,99358,jun,5
casos_recuperados_por_fis,103817,jun,6
casos_recuperados_por_fis,107597,jun,7
casos_recuperados_por_fis,112248,jun,8
casos_recuperados_por_fis,117361,jun,9
casos_recuperados_por_fis,121820,jun,10
casos_recuperados_por_fis,126444,jun,11
casos_recuperados_por_fis,131358,jun,12
casos_recuperados_por_fis,137296,jun,13
casos_recuperados_por_fis,143704,jun,14
casos_recuperados_por_fis,148792,jun,15
casos_recuperados_por_fis,156232,jun,16
casos_recuperados_por_fis,181931,jun,17
casos_recuperados_por_fis,186441,jun,18
casos_recuperados_por_fis,191491,jun,19
casos_recuperados_por_fis,196609,jun,20
casos_recuperados_por_fis,200569,jun,21
casos_recuperados_por_fis,205397,jun,22
casos_recuperados_por_fis,210570,jun,23
casos_recuperados_por_fis,215093,jun,24
casos_recuperados_por_fis,219327,jun,25
casos_recuperados_por_fis,223431,jun,26
casos_recuperados_por_fis,228055,jun,27
casos_recuperados_por_fis,232210,jun,28
casos_recuperados_por_fis,236154,jun,29
casos_recuperados_por_fis,241229,jun,30
casos_recuperados_por_fis,245443,jul,1
casos_recuperados_por_fis,249247,jul,2
casos_recuperados_por_fis,253343,jul,3
casos_recuperados_por_fis,257445,jul,4
casos_recuperados_por_fis,261030,jul,5
casos_recuperados_por_fis,264369,jul,6
casos_recuperados_por_fis,268245,jul,7
casos_recuperados_por_fis,271703,jul,8
casos_recuperados_por_fd,0,mar,2
casos_recuperados_por_fd,0,mar,3
casos_recuperados_por_fd,0,mar,4
casos_recuperados_por_fd,0,mar,5
casos_recuperados_por_fd,0,mar,6
casos_recuperados_por_fd,0,mar,7
casos_recuperados_por_fd,0,mar,8
casos_recuperados_por_fd,0,mar,9
casos_recuperados_por_fd,0,mar,10
casos_recuperados_por_fd,0,mar,11
casos_recuperados_por_fd,0,mar,12
casos_recuperados_por_fd,0,mar,13
casos_recuperados_por_fd,0,mar,14
casos_recuperados_por_fd,0,mar,15
casos_recuperados_por_fd,0,mar,16
casos_recuperados_por_fd,1,mar,17
casos_recuperados_por_fd,3,mar,18
casos_recuperados_por_fd,4,mar,19
casos_recuperados_por_fd,5,mar,20
casos_recuperados_por_fd,6,mar,21
casos_recuperados_por_fd,8,mar,22
casos_recuperados_por_fd,11,mar,23
casos_recuperados_por_fd,17,mar,24
casos_recuperados_por_fd,22,mar,25
casos_recuperados_por_fd,33,mar,26
casos_recuperados_por_fd,43,mar,27
casos_recuperados_por_fd,61,mar,28
casos_recuperados_por_fd,75,mar,29
casos_recuperados_por_fd,156,mar,30
casos_recuperados_por_fd,201,mar,31
casos_recuperados_por_fd,234,abr,1
casos_recuperados_por_fd,335,abr,2
casos_recuperados_por_fd,427,abr,3
casos_recuperados_por_fd,528,abr,4
casos_recuperados_por_fd,617,abr,5
casos_recuperados_por_fd,728,abr,6
casos_recuperados_por_fd,898,abr,7
casos_recuperados_por_fd,1115,abr,8
casos_recuperados_por_fd,1274,abr,9
casos_recuperados_por_fd,1571,abr,10
casos_recuperados_por_fd,1864,abr,11
casos_recuperados_por_fd,2059,abr,12
casos_recuperados_por_fd,2367,abr,13
casos_recuperados_por_fd,2646,abr,14
casos_recuperados_por_fd,2937,abr,15
casos_recuperados_por_fd,3299,abr,16
casos_recuperados_por_fd,3621,abr,17
casos_recuperados_por_fd,4035,abr,18
casos_recuperados_por_fd,4338,abr,19
casos_recuperados_por_fd,4676,abr,20
casos_recuperados_por_fd,4969,abr,21
casos_recuperados_por_fd,5386,abr,22
casos_recuperados_por_fd,5804,abr,23
casos_recuperados_por_fd,6327,abr,24
casos_recuperados_por_fd,6746,abr,25
casos_recuperados_por_fd,7024,abr,26
casos_recuperados_por_fd,7327,abr,27
casos_recuperados_por_fd,7710,abr,28
casos_recuperados_por_fd,8057,abr,29
casos_recuperados_por_fd,8580,abr,30
casos_recuperados_por_fd,9018,may,1
casos_recuperados_por_fd,9572,may,2
casos_recuperados_por_fd,10041,may,3
casos_recuperados_por_fd,10415,may,4
casos_recuperados_por_fd,10710,may,5
casos_recuperados_por_fd,11189,may,6
casos_recuperados_por_fd,11664,may,7
casos_recuperados_por_fd,12160,may,8
casos_recuperados_por_fd,12667,may,9
casos_recuperados_por_fd,13112,may,10
casos_recuperados_por_fd,13605,may,11
casos_recuperados_por_fd,14125,may,12
casos_recuperados_por_fd,14865,may,13
casos_recuperados_por_fd,15655,may,14
casos_recuperados_por_fd,16614,may,15
casos_recuperados_por_fd,18014,may,16
casos_recuperados_por_fd,19213,may,17
casos_recuperados_por_fd,20165,may,18
casos_recuperados_por_fd,21507,may,19
casos_recuperados_por_fd,22504,may,20
casos_recuperados_por_fd,23992,may,21
casos_recuperados_por_fd,25342,may,22
casos_recuperados_por_fd,26546,may,23
casos_recuperados_por_fd,28148,may,24
casos_recuperados_por_fd,29302,may,25
casos_recuperados_por_fd,30915,may,26
casos_recuperados_por_fd,33540,may,27
casos_recuperados_por_fd,36115,may,28
casos_recuperados_por_fd,38598,may,29
casos_recuperados_por_fd,40431,may,30
casos_recuperados_por_fd,42727,may,31
casos_recuperados_por_fd,44946,jun,1
casos_recuperados_por_fd,48391,jun,2
casos_recuperados_por_fd,52342,jun,3
casos_recuperados_por_fd,56225,jun,4
casos_recuperados_por_fd,60409,jun,5
casos_recuperados_por_fd,63852,jun,6
casos_recuperados_por_fd,66912,jun,7
casos_recuperados_por_fd,71733,jun,8
casos_recuperados_por_fd,75678,jun,9
casos_recuperados_por_fd,79814,jun,10
casos_recuperados_por_fd,84295,jun,11
casos_recuperados_por_fd,87768,jun,12
casos_recuperados_por_fd,91757,jun,13
casos_recuperados_por_fd,96365,jun,14
casos_recuperados_por_fd,101797,jun,15
casos_recuperados_por_fd,105303,jun,16
casos_recuperados_por_fd,141667,jun,17
casos_recuperados_por_fd,114451,jun,18
casos_recuperados_por_fd,118406,jun,19
casos_recuperados_por_fd,123450,jun,20
casos_recuperados_por_fd,129671,jun,21
casos_recuperados_por_fd,134344,jun,22
casos_recuperados_por_fd,138254,jun,23
casos_recuperados_por_fd,143765,jun,24
casos_recuperados_por_fd,149189,jun,25
casos_recuperados_por_fd,155778,jun,26
casos_recuperados_por_fd,162008,jun,27
casos_recuperados_por_fd,168784,jun,28
casos_recuperados_por_fd,173861,jun,29
casos_recuperados_por_fd,178761,jun,30
casos_recuperados_por_fd,214875,jul,1
casos_recuperados_por_fd,219183,jul,2
casos_recuperados_por_fd,225342,jul,3
casos_recuperados_por_fd,230556,jul,4
casos_recuperados_por_fd,236047,jul,5
casos_recuperados_por_fd,240579,jul,6
casos_recuperados_por_fd,244333,jul,7
casos_recuperados_por_fd,247843,jul,8
casos_confirmados_recuperados,,mar,2
casos_confirmados_recuperados,,mar,3
casos_confirmados_recuperados,,mar,4
casos_confirmados_recuperados,,mar,5
casos_confirmados_recuperados,,mar,6
casos_confirmados_recuperados,,mar,7
casos_confirmados_recuperados,,mar,8
casos_confirmados_recuperados,,mar,9
casos_confirmados_recuperados,,mar,10
casos_confirmados_recuperados,,mar,11
casos_confirmados_recuperados,,mar,12
casos_confirmados_recuperados,,mar,13
casos_confirmados_recuperados,,mar,14
casos_confirmados_recuperados,,mar,15
casos_confirmados_recuperados,,mar,16
casos_confirmados_recuperados,,mar,17
casos_confirmados_recuperados,,mar,18
casos_confirmados_recuperados,,mar,19
casos_confirmados_recuperados,,mar,20
casos_confirmados_recuperados,,mar,21
casos_confirmados_recuperados,,mar,22
casos_confirmados_recuperados,,mar,23
casos_confirmados_recuperados,,mar,24
casos_confirmados_recuperados,,mar,25
casos_confirmados_recuperados,,mar,26
casos_confirmados_recuperados,,mar,27
casos_confirmados_recuperados,,mar,28
casos_confirmados_recuperados,,mar,29
casos_confirmados_recuperados,,mar,30
casos_confirmados_recuperados,,mar,31
casos_confirmados_recuperados,,abr,1
casos_confirmados_recuperados,,abr,2
casos_confirmados_recuperados,,abr,3
casos_confirmados_recuperados,,abr,4
casos_confirmados_recuperados,,abr,5
casos_confirmados_recuperados,,abr,6
casos_confirmados_recuperados,,abr,7
casos_confirmados_recuperados,,abr,8
casos_confirmados_recuperados,,abr,9
casos_confirmados_recuperados,,abr,10
casos_confirmados_recuperados,,abr,11
casos_confirmados_recuperados,,abr,12
casos_confirmados_recuperados,,abr,13
casos_confirmados_recuperados,,abr,14
casos_confirmados_recuperados,,abr,15
casos_confirmados_recuperados,,abr,16
casos_confirmados_recuperados,,abr,17
casos_confirmados_recuperados,,abr,18
casos_confirmados_recuperados,,abr,19
casos_confirmados_recuperados,,abr,20
casos_confirmados_recuperados,,abr,21
casos_confirmados_recuperados,,abr,22
casos_confirmados_recuperados,,abr,23
casos_confirmados_recuperados,,abr,24
casos_confirmados_recuperados,,abr,25
casos_confirmados_recuperados,,abr,26
casos_confirmados_recuperados,,abr,27
casos_confirmados_recuperados,,abr,28
casos_confirmados_recuperados,,abr,29
casos_confirmados_recuperados,,abr,30
casos_confirmados_recuperados,,may,1
casos_confirmados_recuperados,,may,2
casos_confirmados_recuperados,,may,3
casos_confirmados_recuperados,,may,4
casos_confirmados_recuperados,,may,5
casos_confirmados_recuperados,,may,6
casos_confirmados_recuperados,,may,7
casos_confirmados_recuperados,,may,8
casos_confirmados_recuperados,,may,9
casos_confirmados_recuperados,,may,10
casos_confirmados_recuperados,,may,11
casos_confirmados_recuperados,,may,12
casos_confirmados_recuperados,,may,13
casos_confirmados_recuperados,,may,14
casos_confirmados_recuperados,,may,15
casos_confirmados_recuperados,,may,16
casos_confirmados_recuperados,,may,17
casos_confirmados_recuperados,,may,18
casos_confirmados_recuperados,,may,19
casos_confirmados_recuperados,,may,20
casos_confirmados_recuperados,,may,21
casos_confirmados_recuperados,,may,22
casos_confirmados_recuperados,,may,23
casos_confirmados_recuperados,,may,24
casos_confirmados_recuperados,,may,25
casos_confirmados_recuperados,,may,26
casos_confirmados_recuperados,,may,27
casos_confirmados_recuperados,,may,28
casos_confirmados_recuperados,,may,29
casos_confirmados_recuperados,,may,30
casos_confirmados_recuperados,,may,31
casos_confirmados_recuperados,,jun,1
casos_confirmados_recuperados,,jun,2
casos_confirmados_recuperados,,jun,3
casos_confirmados_recuperados,,jun,4
casos_confirmados_recuperados,,jun,5
casos_confirmados_recuperados,,jun,6
casos_confirmados_recuperados,,jun,7
casos_confirmados_recuperados,,jun,8
casos_confirmados_recuperados,,jun,9
casos_confirmados_recuperados,,jun,10
casos_confirmados_recuperados,,jun,11
casos_confirmados_recuperados,,jun,12
casos_confirmados_recuperados,,jun,13
casos_confirmados_recuperados,,jun,14
casos_confirmados_recuperados,,jun,15
casos_confirmados_recuperados,,jun,16
casos_confirmados_recuperados,,jun,17
casos_confirmados_recuperados,,jun,18
casos_confirmados_recuperados,,jun,19
casos_confirmados_recuperados,,jun,20
casos_confirmados_recuperados,200569,jun,21
casos_confirmados_recuperados,205397,jun,22
casos_confirmados_recuperados,210570,jun,23
casos_confirmados_recuperados,215093,jun,24
casos_confirmados_recuperados,219327,jun,25
casos_confirmados_recuperados,223431,jun,26
casos_confirmados_recuperados,228055,jun,27
casos_confirmados_recuperados,232210,jun,28
casos_confirmados_recuperados,236016,jun,29
casos_confirmados_recuperados,241229,jun,30
casos_confirmados_recuperados,245443,jul,1
casos_confirmados_recuperados,249247,jul,2
casos_confirmados_recuperados,253343,jul,3
casos_confirmados_recuperados,257445,jul,4
casos_confirmados_recuperados,261032,jul,5
casos_confirmados_recuperados,264371,jul,6
casos_confirmados_recuperados,268245,jul,7
casos_confirmados_recuperados,271703,jul,8
casos_activos_confirmados,,mar,2
casos_activos_confirmados,,mar,3
casos_activos_confirmados,,mar,4
casos_activos_confirmados,,mar,5
casos_activos_confirmados,,mar,6
casos_activos_confirmados,,mar,7
casos_activos_confirmados,,mar,8
casos_activos_confirmados,,mar,9
casos_activos_confirmados,,mar,10
casos_activos_confirmados,,mar,11
casos_activos_confirmados,,mar,12
casos_activos_confirmados,,mar,13
casos_activos_confirmados,,mar,14
casos_activos_confirmados,,mar,15
casos_activos_confirmados,,mar,16
casos_activos_confirmados,,mar,17
casos_activos_confirmados,,mar,18
casos_activos_confirmados,,mar,19
casos_activos_confirmados,,mar,20
casos_activos_confirmados,,mar,21
casos_activos_confirmados,,mar,22
casos_activos_confirmados,,mar,23
casos_activos_confirmados,,mar,24
casos_activos_confirmados,,mar,25
casos_activos_confirmados,,mar,26
casos_activos_confirmados,,mar,27
casos_activos_confirmados,,mar,28
casos_activos_confirmados,,mar,29
casos_activos_confirmados,,mar,30
casos_activos_confirmados,,mar,31
casos_activos_confirmados,,abr,1
casos_activos_confirmados,,abr,2
casos_activos_confirmados,,abr,3
casos_activos_confirmados,,abr,4
casos_activos_confirmados,,abr,5
casos_activos_confirmados,,abr,6
casos_activos_confirmados,,abr,7
casos_activos_confirmados,,abr,8
casos_activos_confirmados,,abr,9
casos_activos_confirmados,,abr,10
casos_activos_confirmados,,abr,11
casos_activos_confirmados,,abr,12
casos_activos_confirmados,,abr,13
casos_activos_confirmados,,abr,14
casos_activos_confirmados,,abr,15
casos_activos_confirmados,,abr,16
casos_activos_confirmados,,abr,17
casos_activos_confirmados,,abr,18
casos_activos_confirmados,,abr,19
casos_activos_confirmados,,abr,20
casos_activos_confirmados,,abr,21
casos_activos_confirmados,,abr,22
casos_activos_confirmados,,abr,23
casos_activos_confirmados,,abr,24
casos_activos_confirmados,,abr,25
casos_activos_confirmados,,abr,26
casos_activos_confirmados,,abr,27
casos_activos_confirmados,,abr,28
casos_activos_confirmados,,abr,29
casos_activos_confirmados,,abr,30
casos_activos_confirmados,,may,1
casos_activos_confirmados,,may,2
casos_activos_confirmados,,may,3
casos_activos_confirmados,,may,4
casos_activos_confirmados,,may,5
casos_activos_confirmados,,may,6
casos_activos_confirmados,,may,7
casos_activos_confirmados,,may,8
casos_activos_confirmados,,may,9
casos_activos_confirmados,,may,10
casos_activos_confirmados,,may,11
casos_activos_confirmados,,may,12
casos_activos_confirmados,,may,13
casos_activos_confirmados,,may,14
casos_activos_confirmados,,may,15
casos_activos_confirmados,,may,16
casos_activos_confirmados,,may,17
casos_activos_confirmados,,may,18
casos_activos_confirmados,,may,19
casos_activos_confirmados,,may,20
casos_activos_confirmados,,may,21
casos_activos_confirmados,,may,22
casos_activos_confirmados,,may,23
casos_activos_confirmados,,may,24
casos_activos_confirmados,,may,25
casos_activos_confirmados,,may,26
casos_activos_confirmados,,may,27
casos_activos_confirmados,,may,28
casos_activos_confirmados,,may,29
casos_activos_confirmados,,may,30
casos_activos_confirmados,,may,31
casos_activos_confirmados,,jun,1
casos_activos_confirmados,,jun,2
casos_activos_confirmados,,jun,3
casos_activos_confirmados,,jun,4
casos_activos_confirmados,,jun,5
casos_activos_confirmados,,jun,6
casos_activos_confirmados,,jun,7
casos_activos_confirmados,,jun,8
casos_activos_confirmados,,jun,9
casos_activos_confirmados,,jun,10
casos_activos_confirmados,,jun,11
casos_activos_confirmados,,jun,12
casos_activos_confirmados,,jun,13
casos_activos_confirmados,,jun,14
casos_activos_confirmados,,jun,15
casos_activos_confirmados,,jun,16
casos_activos_confirmados,,jun,17
casos_activos_confirmados,,jun,18
casos_activos_confirmados,,jun,19
casos_activos_confirmados,,jun,20
casos_activos_confirmados,37307,jun,21
casos_activos_confirmados,37064,jun,22
casos_activos_confirmados,35692,jun,23
casos_activos_confirmados,34592,jun,24
casos_activos_confirmados,34834,jun,25
casos_activos_confirmados,34861,jun,26
casos_activos_confirmados,34364,jun,27
casos_activos_confirmados,34263,jun,28
casos_activos_confirmados,34270,jun,29
casos_activos_confirmados,32476,jun,30
casos_activos_confirmados,30847,jul,1
casos_activos_confirmados,29374,jul,2
casos_activos_confirmados,28695,jul,3
casos_activos_confirmados,28210,jul,4
casos_activos_confirmados,28194,jul,5
casos_activos_confirmados,27804,jul,6
casos_activos_confirmados,26340,jul,7
casos_activos_confirmados,24807,jul,8
casos_probables_acumulados,,mar,2
casos_probables_acumulados,,mar,3
casos_probables_acumulados,,mar,4
casos_probables_acumulados,,mar,5
casos_probables_acumulados,,mar,6
casos_probables_acumulados,,mar,7
casos_probables_acumulados,,mar,8
casos_probables_acumulados,,mar,9
casos_probables_acumulados,,mar,10
casos_probables_acumulados,,mar,11
casos_probables_acumulados,,mar,12
casos_probables_acumulados,,mar,13
casos_probables_acumulados,,mar,14
casos_probables_acumulados,,mar,15
casos_probables_acumulados,,mar,16
casos_probables_acumulados,,mar,17
casos_probables_acumulados,,mar,18
casos_probables_acumulados,,mar,19
casos_probables_acumulados,,mar,20
casos_probables_acumulados,,mar,21
casos_probables_acumulados,,mar,22
casos_probables_acumulados,,mar,23
casos_probables_acumulados,,mar,24
casos_probables_acumulados,,mar,25
casos_probables_acumulados,,mar,26
casos_probables_acumulados,,mar,27
casos_probables_acumulados,,mar,28
casos_probables_acumulados,,mar,29
casos_probables_acumulados,,mar,30
casos_probables_acumulados,,mar,31
casos_probables_acumulados,,abr,1
casos_probables_acumulados,,abr,2
casos_probables_acumulados,,abr,3
casos_probables_acumulados,,abr,4
casos_probables_acumulados,,abr,5
casos_probables_acumulados,,abr,6
casos_probables_acumulados,,abr,7
casos_probables_acumulados,,abr,8
casos_probables_acumulados,,abr,9
casos_probables_acumulados,,abr,10
casos_probables_acumulados,,abr,11
casos_probables_acumulados,,abr,12
casos_probables_acumulados,,abr,13
casos_probables_acumulados,,abr,14
casos_probables_acumulados,,abr,15
casos_probables_acumulados,,abr,16
casos_probables_acumulados,,abr,17
casos_probables_acumulados,,abr,18
casos_probables_acumulados,,abr,19
casos_probables_acumulados,,abr,20
casos_probables_acumulados,,abr,21
casos_probables_acumulados,,abr,22
casos_probables_acumulados,,abr,23
casos_probables_acumulados,,abr,24
casos_probables_acumulados,,abr,25
casos_probables_acumulados,,abr,26
casos_probables_acumulados,,abr,27
casos_probables_acumulados,,abr,28
casos_probables_acumulados,,abr,29
casos_probables_acumulados,,abr,30
casos_probables_acumulados,,may,1
casos_probables_acumulados,,may,2
casos_probables_acumulados,,may,3
casos_probables_acumulados,,may,4
casos_probables_acumulados,,may,5
casos_probables_acumulados,,may,6
casos_probables_acumulados,,may,7
casos_probables_acumulados,,may,8
casos_probables_acumulados,,may,9
casos_probables_acumulados,,may,10
casos_probables_acumulados,,may,11
casos_probables_acumulados,,may,12
casos_probables_acumulados,,may,13
casos_probables_acumulados,,may,14
casos_probables_acumulados,,may,15
casos_probables_acumulados,,may,16
casos_probables_acumulados,,may,17
casos_probables_acumulados,,may,18
casos_probables_acumulados,,may,19
casos_probables_acumulados,,may,20
casos_probables_acumulados,,may,21
casos_probables_acumulados,,may,22
casos_probables_acumulados,,may,23
casos_probables_acumulados,,may,24
casos_probables_acumulados,,may,25
casos_probables_acumulados,,may,26
casos_probables_acumulados,,may,27
casos_probables_acumulados,,may,28
casos_probables_acumulados,,may,29
casos_probables_acumulados,,may,30
casos_probables_acumulados,,may,31
casos_probables_acumulados,,jun,1
casos_probables_acumulados,,jun,2
casos_probables_acumulados,,jun,3
casos_probables_acumulados,,jun,4
casos_probables_acumulados,,jun,5
casos_probables_acumulados,,jun,6
casos_probables_acumulados,,jun,7
casos_probables_acumulados,,jun,8
casos_probables_acumulados,,jun,9
casos_probables_acumulados,,jun,10
casos_probables_acumulados,,jun,11
casos_probables_acumulados,,jun,12
casos_probables_acumulados,,jun,13
casos_probables_acumulados,,jun,14
casos_probables_acumulados,,jun,15
casos_probables_acumulados,,jun,16
casos_probables_acumulados,,jun,17
casos_probables_acumulados,,jun,18
casos_probables_acumulados,,jun,19
casos_probables_acumulados,,jun,20
casos_probables_acumulados,21897,jun,21
casos_probables_acumulados,22307,jun,22
casos_probables_acumulados,24881,jun,23
casos_probables_acumulados,26184,jun,24
casos_probables_acumulados,27193,jun,25
casos_probables_acumulados,28133,jun,26
casos_probables_acumulados,29019,jun,27
casos_probables_acumulados,29733,jun,28
casos_probables_acumulados,30362,jun,29
casos_probables_acumulados,30582,jun,30
casos_probables_acumulados,30980,jul,1
casos_probables_acumulados,32013,jul,2
casos_probables_acumulados,32578,jul,3
casos_probables_acumulados,33933,jul,4
casos_probables_acumulados,34651,jul,5
casos_probables_acumulados,34901,jul,6
casos_probables_acumulados,35134,jul,7
casos_probables_acumulados,35905,jul,8
casos_activos_probables,,mar,2
casos_activos_probables,,mar,3
casos_activos_probables,,mar,4
casos_activos_probables,,mar,5
casos_activos_probables,,mar,6
casos_activos_probables,,mar,7
casos_activos_probables,,mar,8
casos_activos_probables,,mar,9
casos_activos_probables,,mar,10
casos_activos_probables,,mar,11
casos_activos_probables,,mar,12
casos_activos_probables,,mar,13
casos_activos_probables,,mar,14
casos_activos_probables,,mar,15
casos_activos_probables,,mar,16
casos_activos_probables,,mar,17
casos_activos_probables,,mar,18
casos_activos_probables,,mar,19
casos_activos_probables,,mar,20
casos_activos_probables,,mar,21
casos_activos_probables,,mar,22
casos_activos_probables,,mar,23
casos_activos_probables,,mar,24
casos_activos_probables,,mar,25
casos_activos_probables,,mar,26
casos_activos_probables,,mar,27
casos_activos_probables,,mar,28
casos_activos_probables,,mar,29
casos_activos_probables,,mar,30
casos_activos_probables,,mar,31
casos_activos_probables,,abr,1
casos_activos_probables,,abr,2
casos_activos_probables,,abr,3
casos_activos_probables,,abr,4
casos_activos_probables,,abr,5
casos_activos_probables,,abr,6
casos_activos_probables,,abr,7
casos_activos_probables,,abr,8
casos_activos_probables,,abr,9
casos_activos_probables,,abr,10
casos_activos_probables,,abr,11
casos_activos_probables,,abr,12
casos_activos_probables,,abr,13
casos_activos_probables,,abr,14
casos_activos_probables,,abr,15
casos_activos_probables,,abr,16
casos_activos_probables,,abr,17
casos_activos_probables,,abr,18
casos_activos_probables,,abr,19
casos_activos_probables,,abr,20
casos_activos_probables,,abr,21
casos_activos_probables,,abr,22
casos_activos_probables,,abr,23
casos_activos_probables,,abr,24
casos_activos_probables,,abr,25
casos_activos_probables,,abr,26
casos_activos_probables,,abr,27
casos_activos_probables,,abr,28
casos_activos_probables,,abr,29
casos_activos_probables,,abr,30
casos_activos_probables,,may,1
casos_activos_probables,,may,2
casos_activos_probables,,may,3
casos_activos_probables,,may,4
casos_activos_probables,,may,5
casos_activos_probables,,may,6
casos_activos_probables,,may,7
casos_activos_probables,,may,8
casos_activos_probables,,may,9
casos_activos_probables,,may,10
casos_activos_probables,,may,11
casos_activos_probables,,may,12
casos_activos_probables,,may,13
casos_activos_probables,,may,14
casos_activos_probables,,may,15
casos_activos_probables,,may,16
casos_activos_probables,,may,17
casos_activos_probables,,may,18
casos_activos_probables,,may,19
casos_activos_probables,,may,20
casos_activos_probables,,may,21
casos_activos_probables,,may,22
casos_activos_probables,,may,23
casos_activos_probables,,may,24
casos_activos_probables,,may,25
casos_activos_probables,,may,26
casos_activos_probables,,may,27
casos_activos_probables,,may,28
casos_activos_probables,,may,29
casos_activos_probables,,may,30
casos_activos_probables,,may,31
casos_activos_probables,,jun,1
casos_activos_probables,,jun,2
casos_activos_probables,,jun,3
casos_activos_probables,,jun,4
casos_activos_probables,,jun,5
casos_activos_probables,,jun,6
casos_activos_probables,,jun,7
casos_activos_probables,,jun,8
casos_activos_probables,,jun,9
casos_activos_probables,,jun,10
casos_activos_probables,,jun,11
casos_activos_probables,,jun,12
casos_activos_probables,,jun,13
casos_activos_probables,,jun,14
casos_activos_probables,,jun,15
casos_activos_probables,,jun,16
casos_activos_probables,,jun,17
casos_activos_probables,,jun,18
casos_activos_probables,,jun,19
casos_activos_probables,,jun,20
casos_activos_probables,10482,jun,21
casos_activos_probables,10029,jun,22
casos_activos_probables,9403,jun,23
casos_activos_probables,9674,jun,24
casos_activos_probables,9646,jun,25
casos_activos_probables,9720,jun,26
casos_activos_probables,9659,jun,27
casos_activos_probables,9595,jun,28
casos_activos_probables,9320,jun,29
casos_activos_probables,8385,jun,30
casos_activos_probables,7806,jul,1
casos_activos_probables,7921,jul,2
casos_activos_probables,7543,jul,3
casos_activos_probables,7986,jul,4
casos_activos_probables,7785,jul,5
casos_activos_probables,7263,jul,6
casos_activos_probables,6536,jul,7
casos_activos_probables,6513,jul,8
